id	first_name	last_name	email	gender
1	Lydon	Edelman	ledelman0@go.com	Male
2	Silvan	Billows	sbillows1@army.mil	Male
3	Stanford	Looby	slooby2@infoseek.co.jp	Non-binary
4	Verina	Simenon	vsimenon3@reverbnation.com	Female
5	Micheil	Nairn	mnairn4@hhs.gov	Male
6	Titus	Morland	tmorland5@va.gov	Male
7	Karalee	Goutcher	kgoutcher6@imdb.com	Female
8	Jaimie	Brewerton	jbrewerton7@bigcartel.com	Non-binary
9	Garvin	Howler	ghowler8@ebay.com	Male
10	Laverna	Fake	lfake9@dot.gov	Female
11	Estele	Kordt	ekordta@chicagotribune.com	Female
12	Antonella	Teeney	ateeneyb@networksolutions.com	Female
13	Brande	Hixley	bhixleyc@ebay.co.uk	Polygender
14	Wilburt	Abbotson	wabbotsond@umich.edu	Bigender
15	Wald	Swindells	wswindellse@angelfire.com	Agender
16	Adham	Lourenco	alourencof@businesswire.com	Male
17	Gasper	Simonou	gsimonoug@biglobe.ne.jp	Non-binary
18	Bourke	Virgoe	bvirgoeh@techcrunch.com	Male
19	Mara	Dubois	mduboisi@cocolog-nifty.com	Female
20	Lemmy	Enderby	lenderbyj@yolasite.com	Male